generation,best_fitness,avg_fitness,worst_fitness
1,10.3333,3.9733,3.0
2,14.0,4.41,3.0
3,12.3333,4.7,3.0
4,12.3333,5.58,3.0
5,11.3333,5.5233,3.0
6,15.0,5.2033,3.0
7,9.6667,5.1833,3.0
8,12.3333,5.8867,3.0
9,13.3333,5.62,3.0
10,11.0,5.9767,3.0
11,13.0,6.15,3.0
12,13.3333,6.3267,3.0
13,12.3333,6.1133,3.0
14,14.6667,6.1967,3.3333
15,13.6667,6.46,3.0
16,17.0,6.7933,3.0
17,12.6667,6.7633,3.0
18,16.3333,6.8333,3.0
19,13.6667,6.9,3.0
20,16.3333,7.1033,3.0
21,13.6667,7.4367,3.3333
22,14.3333,7.2,3.3333
23,16.0,6.7633,3.0
24,15.0,7.5233,3.0
25,11.6667,7.03,3.0
26,14.0,6.71,3.3333
27,13.6667,7.2167,3.0
28,13.6667,6.97,3.0
29,12.3333,6.8167,3.0
30,13.0,7.07,3.3333
31,15.3333,7.04,3.0
32,15.6667,7.5567,3.0
33,18.3333,7.5133,3.0
34,15.6667,7.9967,3.3333
35,13.3333,7.6933,3.0
36,15.0,8.1533,3.3333
37,15.3333,7.9267,3.0
38,15.0,7.9433,3.0
39,12.6667,7.2233,3.3333
40,16.3333,7.6267,3.3333
41,13.0,7.39,3.0
42,15.0,7.89,3.3333
43,13.3333,7.54,3.0
44,16.3333,7.8,3.0
45,16.0,7.51,3.0
46,14.6667,7.67,3.0
47,13.0,7.61,3.3333
48,14.6667,7.4233,3.3333
49,13.6667,7.3633,3.0
50,17.0,7.7167,3.3333
51,13.0,7.83,3.3333
52,14.6667,7.7033,3.0
53,14.3333,8.1133,3.6667
54,13.3333,7.96,3.0
55,15.0,8.0833,3.0
56,13.6667,7.9867,3.6667
57,15.3333,7.6533,3.3333
58,12.6667,7.9033,4.0
59,16.3333,8.1033,3.3333
60,13.6667,8.0033,3.3333
61,14.6667,8.08,3.3333
62,14.0,7.7367,3.3333
63,14.3333,7.6167,4.3333
64,15.3333,8.0667,3.0
65,15.3333,8.0533,3.3333
66,16.3333,8.33,3.3333
67,14.3333,7.9233,3.0
68,17.6667,8.3,3.6667
69,16.0,8.0967,3.6667
70,14.6667,8.1767,4.0
71,14.6667,7.7267,3.6667
72,17.3333,7.56,3.3333
73,14.0,6.9967,3.0
74,13.6667,7.65,3.6667
75,15.0,7.5767,3.3333
76,14.6667,7.4533,3.0
77,14.3333,8.0067,3.0
78,15.0,7.7467,3.6667
79,17.0,7.8733,3.3333
80,14.3333,7.8933,3.0
81,14.6667,8.3267,3.0
82,16.0,8.02,3.6667
83,14.3333,8.4333,4.0
84,15.3333,8.3267,3.6667
85,13.6667,8.64,3.3333
86,16.6667,8.08,3.3333
87,14.3333,8.5933,3.6667
88,16.6667,8.7667,3.6667
89,14.6667,8.0267,3.0
90,15.6667,8.5267,3.0
91,14.3333,8.6267,3.6667
92,16.6667,8.5433,3.0
93,14.3333,8.5833,3.0
94,15.0,9.0867,3.3333
95,15.0,8.48,3.3333
96,16.3333,8.7567,3.6667
97,14.3333,9.0,4.3333
98,13.6667,8.6167,3.6667
99,14.6667,8.32,3.6667
100,17.0,8.6533,3.6667
101,15.0,9.1433,4.6667
102,14.0,8.7167,3.3333
103,13.6667,8.6567,4.0
104,16.0,8.21,3.3333
105,14.6667,8.5167,3.3333
106,15.3333,8.23,3.0
107,15.6667,8.4333,3.0
108,15.6667,8.89,3.3333
109,17.6667,8.2,3.3333
110,18.6667,8.8433,4.3333
111,16.3333,8.58,4.0
112,15.6667,8.6733,3.3333
113,15.3333,9.2667,3.6667
114,18.3333,9.1467,4.0
115,14.6667,9.06,4.0
116,15.0,9.0033,3.6667
117,16.0,9.16,3.3333
118,14.3333,8.8367,3.3333
119,15.6667,8.6067,3.3333
120,14.0,8.81,3.3333
121,14.3333,8.45,3.3333
122,15.0,8.57,4.0
123,16.3333,8.9767,3.3333
124,14.3333,8.3567,4.0
125,13.3333,8.4067,3.6667
126,16.0,8.5733,3.6667
127,15.0,8.9267,3.6667
128,16.6667,8.6667,3.3333
129,17.3333,8.92,3.6667
130,16.0,8.6533,3.3333
131,15.3333,8.43,3.3333
132,15.0,8.6033,4.0
133,16.6667,8.7633,3.6667
134,15.6667,8.79,3.6667
135,14.6667,8.81,3.3333
136,16.0,8.8967,3.0
137,15.3333,9.1933,3.3333
138,14.3333,8.6667,3.6667
139,16.3333,8.6467,3.0
140,15.0,8.6833,4.3333
141,16.0,8.7267,3.6667
142,15.3333,8.8467,4.6667
143,15.3333,8.7867,3.3333
144,13.6667,8.9,3.6667
145,16.0,9.15,3.6667
146,16.0,8.9833,3.6667
147,18.3333,8.69,4.0
148,14.0,8.8767,3.0
149,14.6667,9.15,3.6667
150,18.6667,8.98,3.3333
151,16.6667,9.13,3.6667
152,16.3333,8.9667,4.3333
153,16.6667,9.12,3.6667
154,17.6667,8.5533,3.6667
155,16.3333,9.1267,3.3333
156,14.0,8.6833,3.6667
157,15.6667,8.7767,3.3333
158,16.6667,9.4233,4.0
159,15.0,9.4767,3.6667
160,16.3333,8.9233,3.6667
161,17.0,9.3467,4.3333
162,17.0,9.2933,4.3333
163,14.6667,9.2933,4.6667
164,15.3333,9.4067,3.3333
165,15.6667,9.3433,3.3333
166,19.3333,9.26,3.6667
167,19.0,9.6467,4.3333
168,16.3333,9.3067,4.6667
169,13.3333,9.02,3.3333
170,16.3333,9.79,3.6667
171,17.3333,8.9467,3.3333
172,15.3333,9.1467,4.3333
173,16.3333,9.3567,3.6667
174,16.3333,9.46,3.6667
175,15.3333,9.46,3.3333
176,18.3333,9.84,4.0
177,16.6667,9.8267,4.6667
178,16.6667,9.4433,3.6667
179,15.3333,9.0667,3.3333
180,16.0,8.8833,3.0
181,15.6667,8.6967,3.3333
182,16.0,9.67,4.3333
183,16.6667,9.6867,4.0
184,16.6667,9.7033,4.0
185,16.3333,9.4167,3.3333
186,16.0,9.6433,4.3333
187,19.0,9.3667,3.3333
188,14.3333,9.19,3.6667
189,18.3333,9.3467,3.3333
190,16.3333,9.33,4.0
191,17.0,9.3033,3.6667
192,16.0,9.6433,4.0
193,15.6667,9.58,3.0
194,15.0,9.6133,3.6667
195,15.0,9.3167,3.6667
196,15.3333,9.21,3.3333
197,15.6667,9.81,3.0
198,17.6667,9.62,4.3333
199,17.0,9.68,4.0
200,16.3333,9.8133,3.6667
201,16.0,9.6267,3.0
202,15.6667,9.29,3.3333
203,18.0,9.8067,3.0
204,15.6667,9.2267,4.3333
205,17.0,9.86,3.6667
206,16.3333,10.0033,3.6667
207,15.6667,9.4867,3.6667
208,15.3333,9.2333,3.6667
209,16.0,9.3867,3.6667
210,18.0,9.41,4.0
211,15.0,9.7333,4.6667
212,15.6667,9.8133,3.6667
213,18.0,9.75,3.0
214,17.3333,10.06,3.6667
215,16.0,9.4033,3.0
216,19.3333,10.1767,3.6667
217,16.3333,9.4633,3.3333
218,18.6667,9.34,3.0
219,16.3333,9.3667,3.6667
220,16.0,9.9933,3.6667
221,17.6667,9.85,3.3333
222,16.3333,9.9933,3.6667
223,17.6667,9.8533,5.0
224,16.0,9.7467,3.6667
225,15.0,9.2633,4.3333
226,17.0,9.7167,4.0
227,15.3333,9.8533,4.0
228,16.0,9.08,3.3333
229,15.3333,9.5,4.3333
230,15.3333,9.7933,4.0
231,15.3333,9.8933,3.6667
232,17.0,9.7133,3.3333
233,19.6667,10.2733,4.3333
234,17.0,10.41,3.3333
235,15.6667,9.2867,3.6667
236,17.0,9.4667,3.0
237,14.6667,9.2067,4.0
238,15.0,9.41,4.0
239,16.0,9.13,3.6667
240,16.6667,9.39,3.3333
241,17.6667,9.9933,3.3333
242,16.3333,9.15,3.0
243,14.6667,9.2433,3.0
244,16.6667,9.4667,3.0
245,17.0,9.96,3.6667
246,16.3333,9.6867,3.6667
247,15.3333,9.89,4.0
248,18.3333,9.3467,4.0
249,19.0,9.88,4.3333
250,17.6667,10.3,4.6667
251,17.3333,10.0967,4.3333
252,17.3333,10.02,3.3333
253,18.3333,9.5633,3.3333
254,15.3333,9.2467,4.0
255,17.0,9.1233,4.0
256,14.6667,9.4267,3.6667
257,18.0,9.9267,3.6667
258,16.0,9.2233,4.3333
259,14.6667,9.15,4.0
260,18.0,9.62,3.6667
261,17.3333,9.6367,3.6667
262,14.3333,8.9667,3.6667
263,14.6667,9.3467,3.3333
264,16.6667,9.3933,3.6667
265,16.6667,9.6567,3.6667
266,15.3333,9.1867,4.0
267,17.0,9.8133,4.6667
268,17.0,9.62,4.3333
269,17.3333,9.8033,4.6667
270,19.0,9.57,3.3333
271,16.0,9.6767,3.3333
272,17.0,10.38,4.3333
273,15.0,9.8367,4.0
274,16.0,9.67,3.3333
275,15.3333,9.4833,3.3333
276,14.6667,9.7533,4.0
277,14.6667,9.3133,3.3333
278,16.0,9.54,4.6667
279,15.6667,9.2,3.3333
280,13.6667,8.7967,3.6667
281,17.0,9.57,4.0
282,16.6667,9.31,4.0
283,16.3333,9.8033,4.0
284,19.3333,9.8367,3.3333
285,17.3333,9.82,3.6667
286,17.3333,10.1367,4.3333
287,15.3333,9.8333,3.6667
288,15.3333,9.5967,3.6667
289,16.0,9.7933,4.0
290,17.6667,9.73,4.0
291,15.6667,9.6033,3.3333
292,16.0,9.28,3.6667
293,15.6667,9.9133,4.3333
294,16.0,9.4367,4.0
295,16.3333,9.2667,3.3333
296,17.3333,9.23,3.6667
297,18.0,9.82,3.3333
298,18.0,9.2433,3.3333
299,17.3333,9.45,3.0
300,16.3333,9.5933,3.6667
301,15.6667,9.5833,4.0
302,18.0,10.0633,4.0
303,17.0,9.4967,3.6667
304,17.3333,8.95,3.3333
305,19.6667,9.6433,3.0
306,18.6667,9.5367,4.0
307,17.3333,9.3967,3.3333
308,16.6667,9.33,3.6667
309,16.0,9.7867,4.3333
310,16.0,9.3733,4.0
311,14.3333,9.5267,4.3333
312,14.6667,9.99,5.3333
313,15.0,9.5067,4.0
314,14.6667,9.6867,4.3333
315,15.3333,9.3667,4.0
316,15.3333,9.73,4.3333
317,15.6667,8.99,4.3333
318,16.3333,9.44,3.6667
319,18.3333,9.65,4.0
320,15.6667,9.2933,4.0
321,14.3333,9.1567,4.0
322,17.6667,9.61,3.6667
323,15.3333,9.3933,4.6667
324,17.6667,10.2433,4.6667
325,16.0,9.5433,4.3333
326,14.6667,9.4867,4.0
327,15.6667,9.7567,4.3333
328,18.6667,10.0167,4.6667
329,17.0,9.7,5.0
330,15.6667,9.7833,4.0
331,16.0,9.6367,4.3333
332,16.6667,10.0733,5.0
333,16.0,10.09,4.3333
334,17.3333,9.7733,4.6667
335,14.3333,9.9467,4.6667
336,16.0,9.8967,4.3333
337,16.3333,9.8567,4.0
338,14.6667,9.64,4.3333
339,14.6667,9.65,4.6667
340,17.0,10.09,4.0
341,14.6667,9.6867,4.3333
342,14.3333,9.37,5.0
343,17.3333,9.5767,4.3333
344,16.3333,9.51,5.0
345,17.0,9.77,3.3333
346,17.6667,10.18,5.3333
347,16.3333,9.8033,4.6667
348,15.3333,9.78,4.0
349,15.3333,9.5933,5.0
350,16.6667,9.9433,4.3333
351,17.6667,9.7433,4.6667
352,16.0,9.59,4.0
353,17.0,9.7267,4.6667
354,14.0,9.4267,4.0
355,15.3333,10.4,5.3333
356,15.0,9.96,5.3333
357,16.3333,9.4333,4.6667
358,16.6667,9.7633,3.0
359,18.0,9.9433,4.3333
360,15.6667,9.7833,4.0
361,15.6667,9.79,4.3333
362,17.0,10.09,4.3333
363,15.6667,9.2067,4.3333
364,14.3333,9.6933,5.0
365,16.0,9.24,5.0
366,15.6667,9.6233,4.3333
367,14.6667,9.4733,4.3333
368,17.6667,10.1667,3.6667
369,15.6667,9.25,4.6667
370,16.0,9.6267,3.6667
371,15.0,9.64,5.0
372,17.3333,9.8967,4.3333
373,14.3333,9.7133,4.3333
374,15.0,9.85,5.3333
375,17.3333,9.9267,5.0
376,16.3333,9.85,4.6667
377,15.3333,9.8733,3.6667
378,17.0,10.1433,4.6667
379,15.6667,10.0433,3.3333
380,15.6667,10.0133,3.6667
381,17.3333,9.57,3.6667
382,14.3333,9.5633,4.0
383,15.3333,9.4033,3.6667
384,15.6667,9.86,5.0
385,16.0,9.8167,4.0
386,15.3333,9.8767,4.3333
387,15.3333,9.7167,5.6667
388,15.0,9.74,4.6667
389,15.3333,9.7567,4.3333
390,17.6667,10.0033,5.0
391,16.6667,9.97,4.3333
392,19.0,10.2067,4.6667
393,19.0,9.91,4.0
394,15.6667,9.6333,3.6667
395,19.0,9.9767,4.3333
396,16.0,9.9933,3.3333
397,15.3333,9.84,4.6667
398,16.6667,10.2667,4.3333
399,17.0,9.87,4.3333
400,15.3333,9.6967,5.0
401,17.0,10.2167,4.6667
402,16.6667,10.1367,4.6667
403,16.3333,9.7033,4.3333
404,16.6667,10.2133,3.6667
405,19.0,10.0,5.0
406,18.6667,9.8833,4.6667
407,15.3333,9.7567,5.0
408,15.6667,9.81,4.0
409,15.3333,9.85,3.0
410,14.6667,10.2333,4.3333
411,16.0,9.9933,4.6667
412,16.0,9.6067,3.3333
413,16.0,10.1433,4.3333
414,15.6667,10.3967,4.3333
415,17.3333,10.0833,3.6667
416,15.6667,9.7633,3.6667
417,18.0,9.4733,3.6667
418,16.3333,9.8,3.3333
419,17.0,9.79,4.0
420,16.6667,9.8767,3.0
421,18.6667,9.8333,3.3333
422,21.0,10.0333,5.0
423,17.3333,9.7833,3.3333
424,15.6667,9.8067,4.3333
425,17.0,10.42,4.0
426,17.0,9.88,5.0
427,19.0,9.7067,4.3333
428,16.3333,9.49,3.3333
429,16.3333,9.95,4.3333
430,20.0,10.0,4.6667
431,16.3333,9.5733,3.6667
432,17.0,9.79,3.6667
433,16.6667,9.7933,4.3333
434,14.6667,9.3633,4.0
435,17.6667,9.66,3.6667
436,16.6667,9.54,3.6667
437,17.6667,9.83,3.6667
438,16.6667,9.9967,3.6667
439,15.0,9.6267,3.6667
440,15.6667,9.9533,4.3333
441,15.3333,9.75,3.3333
442,16.6667,9.8133,3.6667
443,15.3333,10.1267,3.6667
444,15.0,10.0433,4.0
445,18.3333,9.9267,4.6667
446,17.3333,9.97,4.3333
447,18.0,10.07,5.0
448,19.3333,10.1667,4.0
449,16.0,10.45,4.0
450,18.0,9.5467,3.6667
451,16.3333,10.1633,4.0
452,15.3333,10.4933,4.3333
453,16.0,9.6033,4.3333
454,18.0,10.2033,5.0
455,15.0,9.7167,5.0
456,15.3333,9.9533,4.3333
457,18.0,9.9133,4.3333
458,16.3333,10.1367,3.6667
459,16.6667,9.91,4.3333
460,16.0,10.23,3.3333
461,15.6667,10.2667,3.6667
462,17.6667,10.46,3.6667
463,18.0,9.83,4.3333
464,19.0,10.2267,5.0
465,15.0,9.78,3.6667
466,17.6667,10.0867,4.0
467,16.3333,10.08,3.6667
468,16.0,10.08,3.6667
469,16.6667,10.19,3.3333
470,16.6667,9.78,3.0
471,15.6667,10.2467,5.0
472,16.6667,9.98,4.3333
473,17.6667,9.5133,3.3333
474,16.3333,9.93,3.6667
475,15.6667,10.0667,4.0
476,16.6667,9.8533,4.3333
477,16.3333,9.7667,4.0
478,15.3333,9.7133,3.3333
479,15.0,9.6667,4.0
480,16.3333,10.3167,4.6667
481,17.3333,9.57,3.3333
482,16.6667,9.8033,3.6667
483,16.3333,9.4567,4.0
484,16.0,9.8267,3.6667
485,17.3333,10.0367,3.6667
486,18.3333,9.9367,4.0
487,16.3333,9.73,3.6667
488,14.3333,9.3833,3.0
489,16.0,9.5467,4.0
490,16.6667,9.6833,4.0
491,14.6667,9.21,3.6667
492,15.6667,9.3567,3.6667
493,14.6667,9.45,3.6667
494,16.3333,9.8733,5.3333
495,16.0,9.9967,5.3333
496,16.0,9.82,4.0
497,16.6667,9.5467,4.0
498,14.6667,9.3267,3.3333
499,15.6667,9.4867,4.3333
500,16.0,9.5667,4.3333
501,16.0,10.3667,6.0
502,14.3333,9.6567,4.3333
503,17.3333,9.9633,4.3333
504,18.6667,9.8167,5.3333
505,15.0,9.5967,4.6667
506,14.3333,9.1867,5.6667
507,15.3333,9.3667,4.3333
508,15.3333,10.0333,4.6667
509,16.0,10.19,5.6667
510,16.6667,9.8333,4.3333
511,18.3333,10.02,3.3333
512,17.3333,9.6333,4.0
513,16.0,9.8733,3.3333
514,16.6667,9.86,4.0
515,15.6667,9.14,4.0
516,15.6667,9.6967,4.6667
517,18.0,9.6133,4.6667
518,16.3333,9.4033,4.0
519,15.0,9.4533,3.3333
520,16.0,9.7267,4.3333
521,17.0,10.4167,3.3333
522,15.6667,9.7733,4.6667
523,17.3333,10.1533,4.6667
524,15.3333,9.3,4.3333
525,16.0,9.8067,3.3333
526,15.6667,9.7633,4.0
527,16.6667,10.0767,4.0
528,15.6667,9.74,4.6667
529,15.0,9.5467,4.3333
530,16.0,9.8967,4.3333
531,16.0,10.15,3.6667
532,14.6667,9.4233,3.6667
533,15.6667,9.6233,3.6667
534,14.6667,9.42,3.6667
535,17.0,10.2867,3.3333
536,15.6667,9.7433,5.0
537,16.0,9.69,3.6667
538,17.0,9.7567,3.0
539,15.6667,9.9233,4.3333
540,15.0,9.2733,3.6667
541,16.3333,9.2067,3.6667
542,15.6667,9.87,3.6667
543,14.6667,9.82,4.6667
544,15.3333,10.14,4.6667
545,15.3333,9.8667,4.0
546,16.3333,10.04,4.0
547,16.0,9.63,4.6667
548,17.3333,9.98,4.6667
549,15.0,8.9933,3.3333
550,15.3333,9.0067,3.6667
551,18.6667,9.6867,3.6667
552,17.3333,10.0267,4.6667
553,15.6667,9.8633,4.0
554,17.0,9.4733,3.6667
555,18.3333,9.2333,4.3333
556,17.6667,9.35,3.0
557,17.0,9.3,4.0
558,20.6667,9.85,4.6667
559,17.3333,10.0467,4.6667
560,16.3333,9.7967,3.3333
561,16.3333,9.8467,4.0
562,16.6667,9.94,3.6667
563,17.3333,10.2167,4.3333
564,16.0,9.9067,4.3333
565,16.0,9.33,3.0
566,14.0,9.46,5.0
567,15.6667,9.8067,3.6667
568,16.3333,9.7733,4.3333
569,16.6667,9.97,4.3333
570,17.3333,9.78,4.3333
571,16.6667,9.8267,3.6667
572,14.0,9.37,3.6667
573,17.6667,9.85,4.0
574,17.0,9.5967,4.3333
575,17.3333,9.47,3.6667
576,16.0,9.22,3.3333
577,17.0,9.6633,3.3333
578,18.6667,10.1867,5.0
579,15.3333,9.8867,4.0
580,17.0,10.32,3.6667
581,14.6667,9.6067,4.6667
582,17.6667,10.0733,3.6667
583,16.0,9.8333,5.0
584,15.6667,10.1633,4.6667
585,17.3333,9.6967,3.3333
586,15.0,9.86,4.6667
587,16.6667,9.8467,5.0
588,18.0,9.92,4.6667
589,17.6667,10.0967,4.6667
590,15.6667,9.5367,3.6667
591,15.0,9.7467,3.3333
592,15.0,10.1467,4.0
593,15.3333,9.63,3.6667
594,19.6667,10.2,4.0
595,16.0,9.84,3.3333
596,15.3333,9.41,4.0
597,19.0,9.63,4.0
598,16.6667,9.6033,3.6667
599,14.3333,9.9733,3.6667
600,19.3333,9.9733,4.0
601,15.3333,10.08,3.3333
602,18.0,10.25,3.6667
603,15.3333,9.91,4.0
604,15.3333,9.7633,4.0
605,16.6667,9.9667,4.6667
606,17.6667,9.64,3.3333
607,17.3333,10.06,4.6667
608,17.6667,10.2467,4.0
609,15.6667,10.0167,4.0
610,15.6667,9.7667,4.3333
611,17.0,9.65,3.6667
612,17.0,10.23,4.0
613,15.0,9.8967,4.0
614,17.0,9.83,4.6667
615,17.6667,10.1833,4.6667
616,17.6667,10.4567,4.6667
617,17.0,9.7767,5.0
618,17.0,10.2067,3.6667
619,17.3333,10.22,4.0
620,17.0,10.16,3.6667
621,15.3333,10.0567,4.6667
622,16.3333,10.0,4.3333
623,15.0,10.33,3.6667
624,16.3333,10.47,4.3333
625,16.3333,9.7567,4.3333
626,15.0,9.7867,4.0
627,15.3333,10.1767,4.3333
628,16.3333,9.95,3.6667
629,14.6667,9.9967,5.0
630,18.3333,10.3967,3.3333
631,16.6667,10.42,5.0
632,16.6667,9.5667,4.3333
633,16.0,9.8233,4.0
634,16.6667,9.88,4.6667
635,16.6667,10.2967,4.3333
636,17.0,9.9667,4.6667
637,16.6667,9.8367,4.0
638,16.0,10.5067,4.3333
639,16.6667,10.0167,3.6667
640,16.6667,9.9567,3.6667
641,15.6667,10.15,3.6667
642,15.0,9.98,5.0
643,15.3333,9.77,3.6667
644,17.6667,10.2967,4.0
645,16.0,10.2367,4.3333
646,14.6667,9.7633,3.3333
647,15.0,9.9233,4.3333
648,19.0,10.1267,4.6667
649,18.0,10.2633,5.0
650,15.6667,10.1233,5.3333
651,15.6667,9.64,4.3333
652,16.0,10.23,4.0
653,17.3333,9.8,3.6667
654,15.6667,10.23,3.6667
655,17.0,9.7433,4.0
656,16.0,10.2733,4.0
657,19.6667,9.8433,4.6667
658,16.3333,9.8867,4.0
659,14.6667,9.7067,4.3333
660,19.0,10.41,3.3333
661,17.6667,10.0667,5.0
662,15.0,9.7167,4.0
663,18.0,9.7533,4.0
664,17.6667,10.0333,4.0
665,19.0,10.0433,4.0
666,14.6667,9.8067,5.0
667,16.0,10.1933,3.6667
668,16.3333,10.1567,4.0
669,15.6667,10.4667,4.6667
670,16.3333,10.08,4.3333
671,16.0,10.02,4.6667
672,15.6667,9.5533,4.0
673,20.0,9.9033,4.0
674,15.6667,9.8733,3.6667
675,16.6667,9.63,4.3333
676,15.0,9.8167,4.0
677,16.6667,9.91,4.3333
678,16.6667,9.89,4.3333
679,16.6667,10.52,4.3333
680,14.3333,9.8167,4.6667
681,17.3333,10.13,4.3333
682,18.3333,9.6733,4.0
683,16.3333,10.0567,3.6667
684,15.6667,9.93,4.3333
685,16.3333,9.79,4.0
686,15.6667,9.8467,3.0
687,16.6667,9.73,4.0
688,16.6667,9.9567,4.6667
689,16.0,10.0233,4.3333
690,18.3333,9.8733,3.6667
691,17.6667,10.6367,4.3333
692,19.6667,9.77,4.0
693,15.3333,9.4767,4.3333
694,16.3333,9.9467,4.3333
695,16.3333,10.1,3.6667
696,19.0,10.4,4.0
697,17.3333,10.4267,3.6667
698,15.6667,10.27,3.6667
699,19.3333,10.55,4.6667
700,17.6667,10.59,4.3333
701,17.3333,10.0367,4.0
702,15.6667,10.5133,4.3333
703,16.3333,10.16,4.0
704,18.0,10.68,3.6667
705,16.3333,10.5933,4.3333
706,16.3333,10.59,4.0
707,17.0,10.23,4.6667
708,16.3333,10.0767,4.3333
709,19.0,10.42,4.3333
710,16.3333,10.14,4.3333
711,16.3333,10.78,6.0
712,16.3333,10.49,3.3333
713,16.6667,10.4267,3.6667
714,17.3333,10.5567,3.0
715,19.0,10.26,4.3333
716,17.3333,10.2567,3.6667
717,18.6667,10.3367,3.6667
718,17.3333,10.1433,3.6667
719,16.3333,10.6233,3.6667
720,15.3333,10.1333,4.3333
721,17.0,10.4,5.0
722,19.3333,10.32,4.3333
723,22.3333,10.4267,4.3333
724,17.3333,10.2667,3.6667
725,20.6667,9.98,4.3333
726,18.0,10.3767,4.6667
727,16.6667,9.64,3.6667
728,15.6667,9.66,4.3333
729,16.3333,9.9933,4.0
730,17.3333,9.8233,4.3333
731,16.6667,10.4767,4.6667
732,17.0,10.6533,3.3333
733,16.3333,10.37,4.0
734,16.6667,10.31,3.6667
735,19.6667,10.26,3.3333
736,17.3333,9.9967,4.0
737,19.6667,10.51,4.3333
738,17.6667,10.5433,4.6667
739,18.3333,10.37,4.0
740,16.6667,10.0233,4.3333
741,18.6667,10.1,4.6667
742,17.6667,10.3,4.0
743,16.0,9.6367,3.3333
744,16.3333,9.91,4.0
745,18.3333,9.9733,3.6667
746,17.3333,10.0667,4.6667
747,15.6667,9.9367,4.0
748,15.3333,10.04,3.3333
749,17.0,10.2633,4.0
750,17.6667,9.73,4.0
751,17.3333,9.9033,4.6667
752,17.3333,10.1433,3.3333
753,16.6667,9.69,4.6667
754,19.3333,9.8133,4.0
755,16.0,9.8567,5.0
756,16.0,9.96,3.6667
757,16.3333,10.0833,3.0
758,19.3333,9.59,3.3333
759,18.6667,9.8967,3.6667
760,19.3333,9.7967,4.6667
761,21.0,10.06,4.0
762,18.3333,9.7033,4.0
763,18.3333,10.26,3.6667
764,16.3333,10.0067,4.3333
765,18.0,10.4933,5.3333
766,15.6667,9.6433,4.0
767,16.0,9.8967,4.6667
768,18.0,9.62,4.3333
769,17.3333,9.9967,3.3333
770,16.3333,10.0167,4.0
771,16.3333,9.6567,4.3333
772,16.0,9.6733,4.3333
773,16.6667,10.04,3.6667
774,20.3333,10.3167,4.0
775,17.6667,9.9367,4.0
776,16.0,10.04,3.0
777,16.6667,10.0933,3.6667
778,18.3333,9.9267,3.3333
779,17.0,10.14,4.0
780,16.6667,9.9567,4.0
781,17.6667,9.8867,4.3333
782,17.3333,9.58,4.6667
783,17.3333,10.0633,3.0
784,18.0,10.08,3.3333
785,16.6667,9.88,4.3333
786,20.6667,9.88,3.3333
787,16.6667,10.2433,4.3333
788,16.3333,9.8067,4.0
789,16.0,9.8367,3.0
790,19.0,10.4367,5.0
791,17.0,9.99,5.0
792,15.6667,10.0733,4.3333
793,15.6667,9.7233,3.3333
794,19.6667,9.4133,3.6667
795,24.6667,10.09,3.6667
796,16.6667,9.6867,4.0
797,16.0,9.9367,4.3333
798,17.0,10.12,3.3333
799,15.6667,9.77,3.6667
800,16.0,10.1267,5.0
801,15.6667,9.8067,3.3333
802,18.3333,9.8767,4.3333
803,16.0,10.2167,3.3333
804,15.0,10.1633,4.0
805,15.6667,9.9833,4.0
806,16.3333,10.0267,3.6667
807,15.6667,10.4333,4.3333
808,18.3333,10.4633,3.6667
809,18.3333,10.2,4.0
810,16.0,10.7,4.0
811,17.3333,10.3133,3.3333
812,17.0,10.28,4.6667
813,17.6667,10.43,3.6667
814,16.3333,9.8767,4.0
815,19.0,10.1733,3.3333
816,17.3333,9.9767,5.0
817,16.0,10.27,4.0
818,15.6667,9.8733,3.6667
819,15.6667,9.94,3.6667
820,15.3333,10.0967,3.6667
821,14.6667,9.7567,4.0
822,17.3333,10.1033,3.6667
823,20.0,10.1067,4.0
824,16.3333,10.7333,3.6667
825,17.3333,9.76,3.3333
826,17.0,10.2333,3.6667
827,17.3333,10.73,4.3333
828,18.6667,10.35,4.6667
829,17.3333,10.3133,3.6667
830,17.0,9.7833,3.6667
831,16.0,10.04,4.3333
832,16.3333,10.3,4.0
833,17.3333,10.0833,4.3333
834,16.0,10.59,3.3333
835,16.6667,10.05,4.0
836,19.3333,10.15,3.0
837,16.3333,10.0067,4.0
838,16.3333,10.3867,4.0
839,15.6667,10.2867,4.0
840,17.3333,10.42,5.0
841,16.3333,10.35,4.6667
842,17.6667,10.2367,4.3333
843,18.6667,10.4933,4.0
844,17.0,10.2333,5.3333
845,15.0,10.3067,4.0
846,18.6667,10.5267,4.6667
847,19.0,10.1333,4.3333
848,17.3333,10.0867,4.3333
849,19.3333,10.63,4.6667
850,17.6667,10.2267,4.3333
851,18.0,10.4967,4.3333
852,18.0,10.5,3.6667
853,18.3333,10.76,4.3333
854,17.6667,10.7033,4.6667
855,16.0,10.6633,3.0
856,17.0,10.5,5.0
857,18.0,10.27,4.6667
858,18.0,10.6267,3.6667
859,15.6667,10.4233,4.6667
860,18.0,10.5733,3.3333
861,17.3333,10.2967,4.3333
862,20.6667,10.8233,3.0
863,17.3333,10.4533,4.3333
864,15.6667,10.31,4.3333
865,16.3333,10.2467,3.6667
866,16.6667,10.8467,4.0
867,18.3333,10.3133,4.0
868,20.3333,10.3033,4.0
869,19.0,10.2367,3.0
870,16.6667,10.6433,3.3333
871,17.6667,10.59,4.6667
872,17.3333,10.7467,4.3333
873,16.6667,10.2467,4.3333
874,17.6667,10.6733,4.6667
875,19.0,10.1867,4.0
876,18.0,10.81,4.3333
877,18.3333,10.46,4.0
878,20.3333,10.7867,3.3333
879,17.6667,10.2967,4.3333
880,16.3333,10.4067,3.6667
881,19.0,10.89,4.6667
882,18.0,10.3033,4.3333
883,18.0,10.7,4.6667
884,16.3333,10.0733,3.3333
885,18.6667,10.28,4.3333
886,17.3333,10.32,3.6667
887,17.3333,10.04,3.6667
888,15.6667,10.4833,4.0
889,17.3333,10.6967,4.3333
890,16.6667,10.6333,4.0
891,18.6667,10.5533,3.3333
892,17.3333,10.7167,4.6667
893,18.3333,10.4833,3.6667
894,18.6667,10.44,4.3333
895,17.3333,10.0267,4.6667
896,18.0,10.3467,5.0
897,15.6667,10.05,4.3333
898,19.6667,10.0833,3.6667
899,19.3333,9.5767,4.0
900,15.6667,9.5533,3.6667
901,17.0,9.9567,4.0
902,17.0,9.6733,3.3333
903,16.3333,10.1133,5.0
904,17.6667,9.7633,3.6667
905,16.6667,9.4033,3.6667
906,15.6667,9.8333,3.3333
907,16.6667,9.6667,5.0
908,14.6667,9.9267,4.3333
909,14.6667,9.8633,4.6667
910,16.3333,9.4433,4.6667
911,17.0,10.3333,4.6667
912,15.6667,10.2633,4.6667
913,15.3333,10.37,4.3333
914,16.0,10.2067,4.0
915,16.3333,10.1567,4.3333
916,15.6667,9.5767,5.0
917,17.3333,10.3967,5.0
918,19.0,10.0,3.6667
919,16.0,10.4933,3.6667
920,15.3333,10.0267,5.0
921,17.6667,10.31,3.6667
922,16.6667,10.17,5.3333
923,17.6667,10.5933,3.6667
924,21.0,11.02,5.0
925,16.0,10.7167,5.0
926,17.0,10.7133,4.6667
927,15.6667,10.2033,4.0
928,17.0,10.71,5.0
929,16.6667,10.3467,5.0
930,16.6667,10.2967,3.6667
931,17.0,10.34,4.6667
932,16.3333,10.2867,4.6667
933,16.3333,9.8533,5.0
934,15.3333,10.0,4.6667
935,15.3333,10.0733,4.3333
936,16.6667,9.8767,5.0
937,17.0,10.0867,3.6667
938,16.3333,10.0667,4.3333
939,15.6667,10.17,4.6667
940,18.6667,10.0033,4.6667
941,17.6667,10.1567,3.6667
942,16.6667,10.41,5.0
943,17.3333,10.5,6.0
944,16.0,10.26,5.0
945,15.6667,10.06,5.3333
946,18.0,10.1133,4.3333
947,17.3333,10.4567,4.3333
948,18.0,10.2833,4.3333
949,17.6667,10.0267,4.6667
950,16.6667,10.27,3.6667
951,17.0,10.21,5.6667
952,16.3333,10.5533,5.6667
953,15.6667,10.1433,4.6667
954,16.0,10.4433,4.3333
955,18.0,10.7167,5.0
956,17.0,10.6333,4.0
957,15.3333,10.4667,5.0
958,15.6667,10.4933,4.6667
959,16.3333,10.8667,5.3333
960,19.0,10.2533,4.0
961,16.6667,10.4767,4.6667
962,19.6667,10.4733,4.3333
963,17.3333,10.33,4.6667
964,17.6667,10.38,4.3333
965,15.0,9.97,5.0
966,17.3333,10.8133,5.0
967,15.3333,10.48,5.0
968,18.0,10.7867,5.0
969,16.0,10.0367,4.3333
970,17.6667,10.97,4.6667
971,15.6667,10.2567,4.6667
972,17.6667,10.7167,4.3333
973,16.0,9.7967,4.0
974,17.3333,10.1967,4.3333
975,18.3333,10.0933,4.3333
976,18.0,10.2333,5.3333
977,17.3333,9.9533,5.3333
978,17.6667,10.54,5.3333
979,18.0,10.67,5.0
980,17.3333,10.3667,4.3333
981,16.6667,10.1433,3.6667
982,17.0,9.96,4.0
983,18.3333,10.5567,5.3333
984,16.0,10.66,5.3333
985,17.6667,10.7133,4.3333
986,15.6667,10.4033,5.3333
987,20.0,10.55,5.0
988,16.3333,10.5167,4.0
989,17.3333,10.93,4.6667
990,16.0,10.0933,5.3333
991,17.3333,10.85,4.3333
992,16.6667,10.8,4.6667
993,16.0,10.6933,4.6667
994,19.3333,10.1967,4.6667
995,17.0,10.3733,3.6667
996,19.0,10.7,4.3333
997,16.3333,10.59,4.3333
998,16.3333,9.8233,4.0
999,15.6667,10.1633,4.3333
1000,17.6667,10.3767,4.0
